"team_id","name"
1,Entwicklung
2,Marketing
3,Team tax
4,Team skin
5,Team door
6,Team himself
7,Team poor
8,Team I
9,Team put
10,Team try
11,Team high
12,Team cause
13,Team also
14,Team employee
15,Team under
16,Team source
17,Team citizen
18,Team business
19,Team idea
20,Team suggest
21,Team open
22,Team rise
23,Team baby
24,Team might
25,Team foot
26,Team traditional
27,Team brother
28,Team answer
29,Team conference
30,Team trip
31,Team on
32,Team save
33,Team exactly
34,Team listen
35,Team now
36,Team like
37,Team window
38,Team hotel
39,Team keep
40,Team go
41,Team information
42,Team north
43,Team protect
44,Team yet
45,Team father
46,Team fine
47,Team late
48,Team strategy
49,Team church
50,Team college
51,Team last
52,Team purpose
53,Team sister
54,Team partner
55,Team deep
56,Team out
57,Team million
58,Team this
59,Team song
60,Team page
61,Team condition
62,Team interest
63,Team into
64,Team history
65,Team pressure
66,Team water
67,Team share
68,Team relationship
69,Team explain
70,Team have
71,Team too
72,Team anyone
73,Team administration
74,Team a
75,Team as
76,Team conference
77,Team positive
78,Team physical
79,Team so
80,Team concern
81,Team civil
82,Team stay
83,Team lay
84,Team tonight
85,Team meet
86,Team whose
87,Team door
88,Team yourself
89,Team bed
90,Team walk
91,Team wonder
92,Team contain
93,Team word
94,Team risk
95,Team group
96,Team dog
97,Team car
98,Team purpose
99,Team piece
100,Team near
101,Team box
102,Team sound
103,Team door
104,Team discussion
105,Team through
106,Team material
107,Team quality
108,Team figure
109,Team responsibility
110,Team security
111,Team whom
112,Team west
113,Team protect
114,Team walk
115,Team today
116,Team thought
117,Team threat
118,Team tax
119,Team never
120,Team result
121,Team manage
122,Team else
123,Team enough
124,Team help
125,Team may
126,Team instead
127,Team finally
128,Team sister
129,Team name
130,Team might
131,Team foreign
132,Team direction
133,Team organization
134,Team a
135,Team foot
136,Team record
137,Team never
138,Team music
139,Team large
140,Team source
141,Team red
142,Team security
143,Team then
144,Team later
145,Team approach
146,Team let
147,Team fund
148,Team however
149,Team gas
150,Team look
151,Team fight
152,Team yeah
153,Team sister
154,Team gun
155,Team item
156,Team not
157,Team late
158,Team hold
159,Team model
160,Team cost
161,Team candidate
162,Team available
163,Team adult
164,Team before
165,Team now
166,Team one
167,Team form
168,Team pick
169,Team campaign
170,Team person
171,Team number
172,Team contain
173,Team family
174,Team perhaps
175,Team involve
176,Team both
177,Team example
178,Team expect
179,Team bring
180,Team add
181,Team the
182,Team discuss
183,Team themselves
184,Team marriage
185,Team toward
186,Team past
187,Team recently
188,Team chance
189,Team education
190,Team citizen
191,Team note
192,Team increase
193,Team remember
194,Team many
195,Team meeting
196,Team author
197,Team should
198,Team traditional
199,Team by
200,Team fear
201,Team law
202,Team politics
203,Team security
204,Team interview
205,Team arrive
206,Team apply
207,Team citizen
208,Team debate
209,Team whether
210,Team various
211,Team identify
212,Team growth
213,Team loss
214,Team for
215,Team read
216,Team term
217,Team time
218,Team help
219,Team always
220,Team participant
221,Team form
222,Team attack
223,Team discover
224,Team short
225,Team international
226,Team just
227,Team between
228,Team by
229,Team because
230,Team magazine
231,Team trouble
232,Team watch
233,Team whatever
234,Team tough
235,Team military
236,Team operation
237,Team hot
238,Team better
239,Team could
240,Team wide
241,Team everything
242,Team indeed
243,Team it
244,Team statement
245,Team community
246,Team one
247,Team federal
248,Team difference
249,Team speech
250,Team per
251,Team president
252,Team plan
253,Team card
254,Team star
255,Team because
256,Team court
257,Team modern
258,Team artist
259,Team discover
260,Team task
261,Team drug
262,Team less
263,Team church
264,Team series
265,Team level
266,Team building
267,Team team
268,Team between
269,Team series
270,Team war
271,Team condition
272,Team road
273,Team by
274,Team hand
275,Team catch
276,Team could
277,Team but
278,Team contain
279,Team character
280,Team right
281,Team they
282,Team audience
283,Team worry
284,Team claim
285,Team past
286,Team sort
287,Team become
288,Team over
289,Team he
290,Team skin
291,Team rock
292,Team form
293,Team foot
294,Team traditional
295,Team pick
296,Team deal
297,Team Republican
298,Team full
299,Team push
300,Team like
301,Team visit
302,Team avoid
303,Team yard
304,Team newspaper
305,Team teacher
306,Team tax
307,Team investment
308,Team until
309,Team friend
310,Team poor
311,Team much
312,Team tell
313,Team kind
314,Team think
315,Team of
316,Team create
317,Team wish
318,Team ago
319,Team career
320,Team similar
321,Team reduce
322,Team drop
323,Team night
324,Team teacher
325,Team then
326,Team others
327,Team really
328,Team peace
329,Team draw
330,Team project
331,Team receive
332,Team single
333,Team admit
334,Team we
335,Team none
336,Team clear
337,Team civil
338,Team her
339,Team yourself
340,Team continue
341,Team establish
342,Team list
343,Team local
344,Team walk
345,Team fight
346,Team month
347,Team skill
348,Team late
349,Team ask
350,Team air
351,Team current
352,Team person
353,Team play
354,Team foreign
355,Team indicate
356,Team character
357,Team PM
358,Team discuss
359,Team manager
360,Team buy
361,Team Mr
362,Team energy
363,Team I
364,Team popular
365,Team bring
366,Team alone
367,Team include
368,Team exactly
369,Team other
370,Team arm
371,Team statement
372,Team rock
373,Team near
374,Team would
375,Team present
376,Team really
377,Team voice
378,Team bag
379,Team exactly
380,Team leader
381,Team appear
382,Team there
383,Team development
384,Team bit
385,Team ok
386,Team size
387,Team thus
388,Team expect
389,Team chair
390,Team form
391,Team although
392,Team road
393,Team where
394,Team then
395,Team teacher
396,Team defense
397,Team big
398,Team eight
399,Team artist
400,Team day
401,Team far
402,Team manager
403,Team serious
404,Team economy
405,Team learn
406,Team base
407,Team recently
408,Team should
409,Team represent
410,Team Mrs
411,Team character
412,Team visit
413,Team under
414,Team seem
415,Team yeah
416,Team option
417,Team design
418,Team difference
419,Team notice
420,Team business
421,Team always
422,Team off
423,Team present
424,Team close
425,Team product
426,Team movie
427,Team surface
428,Team arm
429,Team drop
430,Team really
431,Team performance
432,Team stand
433,Team service
434,Team various
435,Team beat
436,Team music
437,Team himself
438,Team night
439,Team happy
440,Team worker
441,Team candidate
442,Team central
443,Team tell
444,Team official
445,Team know
446,Team tax
447,Team month
448,Team risk
449,Team break
450,Team draw
451,Team draw
452,Team return
453,Team something
454,Team pass
455,Team clearly
456,Team than
457,Team inside
458,Team stock
459,Team left
460,Team test
461,Team join
462,Team paper
463,Team seven
464,Team establish
465,Team onto
466,Team per
467,Team city
468,Team how
469,Team safe
470,Team article
471,Team feel
472,Team collection
473,Team find
474,Team save
475,Team certain
476,Team method
477,Team choose
478,Team suggest
479,Team against
480,Team maybe
481,Team development
482,Team role
483,Team prepare
484,Team off
485,Team nor
486,Team recent
487,Team your
488,Team bring
489,Team want
490,Team project
491,Team manager
492,Team music
493,Team meeting
494,Team test
495,Team wrong
496,Team social
497,Team leader
498,Team message
499,Team change
500,Team me
501,Team above
502,Team people
503,Team bring
504,Team early
505,Team front
506,Team certainly
507,Team at
508,Team suffer
509,Team state
510,Team loss
511,Team every
512,Team make
513,Team lay
514,Team chair
515,Team pretty
516,Team degree
517,Team job
518,Team skin
519,Team behind
520,Team toward
521,Team mention
522,Team threat
523,Team full
524,Team those
525,Team budget
526,Team chance
527,Team somebody
528,Team film
529,Team thought
530,Team role
531,Team upon
532,Team charge
533,Team mind
534,Team eye
535,Team image
536,Team recent
537,Team protect
538,Team leader
539,Team general
540,Team investment
541,Team country
542,Team everyone
543,Team compare
544,Team sound
545,Team green
546,Team because
547,Team single
548,Team do
549,Team walk
550,Team the
551,Team fear
552,Team field
553,Team white
554,Team recent
555,Team interest
556,Team present
557,Team forward
558,Team much
559,Team garden
560,Team room
561,Team speech
562,Team pretty
563,Team money
564,Team director
565,Team upon
566,Team idea
567,Team TV
568,Team plant
569,Team dinner
570,Team five
571,Team I
572,Team late
573,Team laugh
574,Team want
575,Team note
576,Team fund
577,Team detail
578,Team detail
579,Team fill
580,Team set
581,Team each
582,Team general
583,Team hold
584,Team no
585,Team their
586,Team option
587,Team describe
588,Team city
589,Team eye
590,Team practice
591,Team our
592,Team could
593,Team hit
594,Team management
595,Team minute
596,Team year
597,Team include
598,Team paper
599,Team party
600,Team nation
601,Team add
602,Team brother
603,Team one
604,Team instead
605,Team bit
606,Team couple
607,Team while
608,Team adult
609,Team try
610,Team see
611,Team read
612,Team major
613,Team by
614,Team rock
615,Team prepare
616,Team night
617,Team woman
618,Team generation
619,Team item
620,Team matter
621,Team if
622,Team food
623,Team fear
624,Team including
625,Team Congress
626,Team less
627,Team agreement
628,Team soon
629,Team claim
630,Team process
631,Team rule
632,Team with
633,Team benefit
634,Team market
635,Team art
636,Team seem
637,Team with
638,Team as
639,Team build
640,Team doctor
641,Team person
642,Team last
643,Team whatever
644,Team day
645,Team article
646,Team everyone
647,Team stay
648,Team trade
649,Team culture
650,Team production
651,Team exist
652,Team down
653,Team owner
654,Team such
655,Team skin
656,Team usually
657,Team authority
658,Team east
659,Team think
660,Team manager
661,Team by
662,Team set
663,Team each
664,Team include
665,Team news
666,Team garden
667,Team suggest
668,Team put
669,Team environmental
670,Team would
671,Team attention
672,Team green
673,Team begin
674,Team tough
675,Team civil
676,Team city
677,Team teacher
678,Team building
679,Team ball
680,Team activity
681,Team would
682,Team hear
683,Team set
684,Team car
685,Team conference
686,Team case
687,Team him
688,Team team
689,Team opportunity
690,Team toward
691,Team she
692,Team college
693,Team north
694,Team information
695,Team old
696,Team pay
697,Team get
698,Team within
699,Team try
700,Team growth
701,Team spend
702,Team reflect
703,Team southern
704,Team decide
705,Team make
706,Team particular
707,Team appear
708,Team because
709,Team growth
710,Team test
711,Team not
712,Team table
713,Team after
714,Team ability
715,Team idea
716,Team power
717,Team all
718,Team themselves
719,Team student
720,Team wrong
721,Team trouble
722,Team fine
723,Team energy
724,Team attention
725,Team significant
726,Team way
727,Team yourself
728,Team most
729,Team base
730,Team measure
731,Team effort
732,Team movie
733,Team serve
734,Team back
735,Team occur
736,Team miss
737,Team but
738,Team sometimes
739,Team compare
740,Team these
741,Team important
742,Team eye
743,Team course
744,Team responsibility
745,Team then
746,Team cover
747,Team structure
748,Team quite
749,Team perform
750,Team dark
751,Team new
752,Team remain
753,Team relationship
754,Team do
755,Team history
756,Team card
757,Team particular
758,Team simple
759,Team perhaps
760,Team such
761,Team industry
762,Team grow
763,Team will
764,Team left
765,Team culture
766,Team popular
767,Team part
768,Team success
769,Team can
770,Team we
771,Team compare
772,Team modern
773,Team site
774,Team begin
775,Team term
776,Team agree
777,Team east
778,Team church
779,Team read
780,Team how
781,Team bar
782,Team occur
783,Team where
784,Team class
785,Team have
786,Team at
787,Team evening
788,Team lawyer
789,Team prevent
790,Team big
791,Team game
792,Team society
793,Team claim
794,Team style
795,Team they
796,Team course
797,Team draw
798,Team treatment
799,Team camera
800,Team employee
801,Team family
802,Team thing
803,Team fear
804,Team open
805,Team once
806,Team again
807,Team throughout
808,Team model
809,Team successful
810,Team vote
811,Team approach
812,Team together
813,Team PM
814,Team ask
815,Team learn
816,Team market
817,Team result
818,Team beautiful
819,Team hour
820,Team position
821,Team religious
822,Team office
823,Team child
824,Team forward
825,Team eye
826,Team them
827,Team factor
828,Team media
829,Team foreign
830,Team television
831,Team radio
832,Team region
833,Team country
834,Team middle
835,Team item
836,Team energy
837,Team side
838,Team lose
839,Team thousand
840,Team community
841,Team institution
842,Team about
843,Team admit
844,Team war
845,Team method
846,Team hotel
847,Team believe
848,Team manager
849,Team who
850,Team guess
851,Team stop
852,Team surface
853,Team place
854,Team fall
855,Team its
856,Team market
857,Team film
858,Team center
859,Team speak
860,Team between
861,Team individual
862,Team but
863,Team move
864,Team change
865,Team go
866,Team ahead
867,Team environmental
868,Team newspaper
869,Team peace
870,Team effort
871,Team identify
872,Team peace
873,Team great
874,Team light
875,Team expect
876,Team indeed
877,Team leave
878,Team relate
879,Team whether
880,Team hair
881,Team son
882,Team option
883,Team or
884,Team themselves
885,Team executive
886,Team eat
887,Team this
888,Team baby
889,Team Democrat
890,Team strong
891,Team way
892,Team kitchen
893,Team nearly
894,Team both
895,Team appear
896,Team beautiful
897,Team about
898,Team pass
899,Team itself
900,Team majority
901,Team pattern
902,Team effect
903,Team through
904,Team country
905,Team sound
906,Team easy
907,Team glass
908,Team indicate
909,Team small
910,Team southern
911,Team whatever
912,Team window
913,Team until
914,Team maybe
915,Team like
916,Team national
917,Team building
918,Team tree
919,Team high
920,Team moment
921,Team left
922,Team risk
923,Team major
924,Team either
925,Team station
926,Team until
927,Team without
928,Team determine
929,Team school
930,Team education
931,Team choice
932,Team on
933,Team camera
934,Team close
935,Team successful
936,Team vote
937,Team within
938,Team bank
939,Team bit
940,Team anything
941,Team bad
942,Team thing
943,Team physical
944,Team water
945,Team likely
946,Team buy
947,Team miss
948,Team how
949,Team sell
950,Team religious
951,Team not
952,Team today
953,Team without
954,Team position
955,Team three
956,Team boy
957,Team least
958,Team particular
959,Team decide
960,Team green
961,Team even
962,Team site
963,Team table
964,Team difficult
965,Team finally
966,Team painting
967,Team boy
968,Team information
969,Team brother
970,Team position
971,Team itself
972,Team general
973,Team head
974,Team page
975,Team quickly
976,Team cell
977,Team military
978,Team natural
979,Team speak
980,Team less
981,Team lay
982,Team development
983,Team inside
984,Team few
985,Team keep
986,Team wide
987,Team charge
988,Team everybody
989,Team gas
990,Team serve
991,Team role
992,Team him
993,Team very
994,Team table
995,Team family
996,Team race
997,Team ahead
998,Team federal
999,Team treatment
1000,Team fear
1001,Team certainly
1002,Team worker
1003,Team reach
1004,Team under
1005,Team school
1006,Team Republican
1007,Team wide
1008,Team win
1009,Team speak
1010,Team question
1011,Team meet
1012,Team four
